time,gx,gy,gz,ax,ay,az,Mag_X,Mag_Y,Mag_Z,p
1143448,0.101023,-0.116264,-0.129268,0.049023776,0.010481837,0.957778265,-0.545122,-0.046954,0.374829,1016.549011
1143548,0.071879,-0.147351,-0.143458,0.051230204,0.004979388,0.966190918,-0.543161,-0.049051,0.376227,1016.549011
1143648,0.058382,-0.161541,-0.1518,0.064035408,-0.003804694,0.971594694,-0.542636,-0.049485,0.374702,1016.549011
1143748,0.040353,-0.163373,-0.157655,0.074665204,-0.00991898,0.975750816,-0.541684,-0.053583,0.376499,1016.549011
1143848,0.021297,-0.15802,-0.166518,0.06989449,-0.009618469,0.985036327,-0.541687,-0.055077,0.376423,1016.550781
1143948,0.012144,-0.141782,-0.172235,0.068843061,-0.007853367,0.992194592,-0.53621,-0.056659,0.376348,1016.550781
1144048,0.00025,-0.132043,-0.176211,0.070521531,-0.002308061,0.997612245,-0.535698,-0.059608,0.375196,1016.550781
1144148,-0.009607,-0.125834,-0.18177,0.068301939,-0.001991837,1.001468061,-0.537223,-0.061152,0.376619,1016.550781
1144248,-0.025021,-0.120325,-0.191389,0.078832551,0.007590612,1.018599286,-0.531301,-0.065851,0.378891,1016.550781
1144348,-0.048433,-0.113199,-0.199172,0.09550102,0.012676939,1.032852755,-0.528274,-0.065304,0.376918,1016.550781
1144448,-0.076149,-0.096666,-0.203638,0.108244898,0.018731224,1.051511735,-0.530282,-0.068784,0.37724,1016.550781
1144548,-0.101082,-0.073024,-0.209191,0.121872143,0.030192755,1.063259082,-0.526302,-0.071836,0.377089,1016.550781
1144648,-0.123259,-0.048484,-0.220368,0.125738469,0.038218776,1.071195408,-0.525778,-0.072768,0.375538,1016.550781
1144748,-0.140396,-0.028365,-0.229836,0.123884694,0.038194184,1.080571531,-0.524784,-0.079237,0.374709,1016.550781
1144848,-0.157663,-0.007358,-0.238134,0.123377143,0.031756939,1.083719388,-0.520805,-0.07783,0.375286,1016.550781
1144948,-0.169672,0.01127,-0.244677,0.117571122,0.015603163,1.077887551,-0.522258,-0.080177,0.37266,1016.550781
1145048,-0.167506,0.020242,-0.25339,0.110940918,0.001068571,1.064556633,-0.518269,-0.083205,0.372008,1016.550781
1145148,-0.159163,0.038554,-0.253878,0.107773776,-0.012958571,1.060745918,-0.516793,-0.088734,0.372229,1016.550781
1145248,-0.147913,0.067555,-0.255407,0.09398449,-0.022111122,1.075191224,-0.51481,-0.088789,0.37273,1016.550781
1145348,-0.144592,0.08645,-0.250876,0.072689898,-0.028786429,1.084335408,-0.515314,-0.092269,0.372552,1016.550781
1145448,-0.142986,0.078533,-0.237315,0.047327959,-0.040111633,1.081587449,-0.511774,-0.093674,0.369478,1016.549011
1145548,-0.11328,0.058997,-0.218977,0.021830816,-0.051735306,1.085297245,-0.513753,-0.096086,0.368351,1016.549011
1145648,-0.069223,0.033358,-0.199453,-0.002324592,-0.063197347,1.095135306,-0.511771,-0.102096,0.368047,1016.549011
1145748,-0.029811,0.009075,-0.178754,-0.029443776,-0.070548673,1.112690306,-0.513254,-0.101052,0.367597,1016.549011
1145848,-0.006254,-0.005568,-0.1563,-0.055941429,-0.075091327,1.139003776,-0.511263,-0.107038,0.366793,1016.550781
1145948,0.009677,-0.017225,-0.134144,-0.083880612,-0.07089051,1.161533878,-0.510269,-0.108549,0.366717,1016.550781
1146048,0.026854,-0.023276,-0.11062,-0.106091837,-0.066383265,1.183550816,-0.509228,-0.109441,0.364167,1016.550781
1146148,0.056197,-0.031779,-0.092583,-0.128896633,-0.06152602,1.198742755,-0.513319,-0.111635,0.369563,1016.550781
1146248,0.077794,-0.064072,-0.081049,-0.140770816,-0.056924184,1.208133878,-0.512803,-0.112093,0.368537,1016.550781
1146348,0.079867,-0.091414,-0.072293,-0.12081949,-0.056132143,1.227377653,-0.511794,-0.110092,0.36814,1016.550781
1146448,0.065101,-0.082862,-0.059365,-0.073821939,-0.053902347,1.235366122,-0.513805,-0.115067,0.368385,1016.550781
1146548,0.052022,-0.039577,-0.044029,-0.045215306,-0.033715714,1.226628673,-0.516241,-0.115879,0.365335,1016.550781
1146648,0.021162,0.013384,-0.033786,-0.030876531,0.000468673,1.19876398,-0.517753,-0.114907,0.366385,1016.550781
1146748,-0.030357,0.058171,-0.020967,-0.03756,0.028089286,1.160831633,-0.519737,-0.115848,0.365833,1016.550781
1146848,-0.079482,0.116072,-0.01553,-0.049192041,0.045371327,1.124904184,-0.522642,-0.115584,0.361334,1016.550781
1146948,-0.130091,0.164166,-0.005725,-0.077907041,0.057948571,1.087660816,-0.52667,-0.118606,0.36318,1016.550781
1147048,-0.173573,0.173718,0.005195,-0.119189286,0.073069694,1.033398163,-0.529594,-0.118889,0.359654,1016.550781
1147148,-0.208233,0.158156,0.005364,-0.16514051,0.08022551,0.986311531,-0.533068,-0.121774,0.358502,1016.550781
1147248,-0.233781,0.133649,-0.000294,-0.204624694,0.084266633,0.940383163,-0.536999,-0.122563,0.355451,1016.550781
1147348,-0.259099,0.095893,-0.006169,-0.233081531,0.088098061,0.900449592,-0.537987,-0.12352,0.3549,1016.550781
1147448,-0.284867,0.05668,-0.014113,-0.241968776,0.098788265,0.87186602,-0.539447,-0.124894,0.352824,1016.549011
1147548,-0.312412,0.029651,-0.022856,-0.240995204,0.109759592,0.855230102,-0.543956,-0.128857,0.353619,1016.549011
1147648,-0.347522,0.015344,-0.024209,-0.230377857,0.119766735,0.848427347,-0.541864,-0.130119,0.348045,1016.549011
1147748,-0.373607,0.023763,-0.024281,-0.225035204,0.119813878,0.852546633,-0.54334,-0.135503,0.346266,1016.549011
1147848,-0.390803,0.04185,-0.01584,-0.227520204,0.107515918,0.870150204,-0.544764,-0.137778,0.34214,1016.550781
1147948,-0.404257,0.058896,-0.007923,-0.231321633,0.100583776,0.886775204,-0.546278,-0.138301,0.343114,1016.550781
1148048,-0.417078,0.07949,-0.002796,-0.226876939,0.092035102,0.910587041,-0.545704,-0.142576,0.338387,1016.550781
1148148,-0.421371,0.106065,-0.005139,-0.222588673,0.088944898,0.937031122,-0.545664,-0.145943,0.33571,1016.550781
1148248,-0.420333,0.126167,-0.012674,-0.222274184,0.099582551,0.963414082,-0.547636,-0.150323,0.333982,1016.550781
1148348,-0.414857,0.130729,-0.030073,-0.215601939,0.11056949,0.980535408,-0.548091,-0.152188,0.331381,1016.550781
1148448,-0.407074,0.119557,-0.052588,-0.205104184,0.11763,0.999525204,-0.549502,-0.157404,0.326103,1016.550781
1148548,-0.383007,0.10332,-0.07756,-0.180199898,0.115848673,1.017209184,-0.549423,-0.159678,0.321478,1016.550781
1148648,-0.357389,0.092684,-0.096928,-0.15259,0.10762,1.026202347,-0.547399,-0.162603,0.319327,1016.550781
1148748,-0.351729,0.093444,-0.109305,-0.137369592,0.090866327,1.033916531,-0.553848,-0.163424,0.317774,1016.550781
1148848,-0.331511,0.092082,-0.109879,-0.108537857,0.074959286,1.03258,-0.550785,-0.168736,0.312998,1016.550781
1148948,-0.32603,0.09474,-0.09779,-0.088520204,0.069258367,1.020034286,-0.553279,-0.170689,0.312895,1016.550781
1149048,-0.323881,0.096995,-0.084965,-0.070068673,0.067253469,1.001228776,-0.555207,-0.170489,0.309396,1016.550781
1149148,-0.336013,0.109294,-0.0708,-0.051125204,0.073311122,0.981558878,-0.553193,-0.174434,0.307694,1016.550781
1149248,-0.33478,0.121705,-0.061223,-0.038918469,0.080928878,0.959882857,-0.552656,-0.173349,0.305746,1016.550781
1149348,-0.323581,0.125085,-0.056169,-0.037928469,0.085668367,0.937430204,-0.552617,-0.177713,0.303018,1016.550781
1149448,-0.319962,0.110756,-0.044019,-0.049535918,0.081713571,0.923837347,-0.556009,-0.17642,0.29807,1016.549011
1149548,-0.313878,0.074638,-0.030193,-0.051740918,0.074021633,0.908960204,-0.553542,-0.178999,0.298943,1016.549011
1149648,-0.30779,0.04609,-0.013491,-0.046231429,0.060044184,0.902962245,-0.555489,-0.179843,0.296393,1016.549011
1149748,-0.298047,0.034535,0.003579,-0.03582398,0.04981102,0.899485,-0.556931,-0.18117,0.293317,1016.549011
1149848,-0.27853,0.022929,0.022295,-0.033648571,0.041336735,0.89368102,-0.555917,-0.181636,0.292293,1016.550781
1149948,-0.26062,0.01474,0.041286,-0.02954602,0.040334388,0.889746735,-0.558387,-0.18551,0.290589,1016.550781
1150048,-0.245222,0.003243,0.060235,-0.022156531,0.048058163,0.888698265,-0.558337,-0.183895,0.288166,1016.550781
1150148,-0.228328,-0.001709,0.072297,-0.013694898,0.060986633,0.889261224,-0.559815,-0.185317,0.28709,1016.550781
1150248,-0.204761,-0.001989,0.081008,-0.012863571,0.075598878,0.891185714,-0.558307,-0.187784,0.285964,1016.550781
1150348,-0.176849,-0.012012,0.083551,-0.011756837,0.083158061,0.895922347,-0.562811,-0.189256,0.286886,1016.550781
1150448,-0.151698,-0.023892,0.088619,-0.016063265,0.087050816,0.899064592,-0.561761,-0.190124,0.283837,1016.550781
1150548,-0.131129,-0.038913,0.091646,-0.015888571,0.093308163,0.898301224,-0.565251,-0.192061,0.283734,1016.550781
1150648,-0.113674,-0.049876,0.091739,-0.008076837,0.096236531,0.899790816,-0.56274,-0.191056,0.282786,1016.550781
1150748,-0.088198,-0.044642,0.08888,-0.001306735,0.100394796,0.90611898,-0.564236,-0.19153,0.28276,1016.550781
1150848,-0.05321,-0.03291,0.089488,0.005790306,0.103056224,0.913182449,-0.565705,-0.192929,0.281184,1016.550781
1150948,-0.022403,-0.017984,0.087334,0.011588776,0.106258469,0.925185204,-0.567692,-0.189908,0.281336,1016.550781
1151048,-0.000576,-0.006014,0.087131,0.014712857,0.101755,0.930868163,-0.566183,-0.192375,0.280209,1016.550781
1151148,0.017043,-0.001771,0.087762,0.018559694,0.101001837,0.936487143,-0.567652,-0.193774,0.278633,1016.550781
1151248,0.043493,0.008423,0.087524,0.022083878,0.097358163,0.946205918,-0.56919,-0.191878,0.281234,1016.550781
1151348,0.069059,0.009271,0.090523,0.026096224,0.095600918,0.957980714,-0.570162,-0.188824,0.280386,1016.550781
1151448,0.101121,0.023981,0.096488,0.027268776,0.095697857,0.974954898,-0.569677,-0.190849,0.280784,1016.549011
1151548,0.118958,0.03976,0.099516,0.033446531,0.104873367,0.980605408,-0.570653,-0.189789,0.279835,1016.549011
1151648,0.10492,0.047162,0.107254,0.043661224,0.097817653,0.987842143,-0.572147,-0.189765,0.279835,1016.549011
1151748,0.101414,0.076592,0.11585,0.060383469,0.092691429,0.991239082,-0.57311,-0.186687,0.278487,1016.549011
1151848,0.088342,0.116853,0.126701,0.065961735,0.091908061,0.991154184,-0.574161,-0.186318,0.281512,1016.550781
1151948,0.077791,0.135972,0.142623,0.060591837,0.090710612,0.981775204,-0.575113,-0.187178,0.278961,1016.550781
1152048,0.086436,0.14406,0.152099,0.059892653,0.089740918,0.977475714,-0.576588,-0.18165,0.27874,1016.550781
1152148,0.100954,0.162802,0.164336,0.059748469,0.090373469,0.974233367,-0.577045,-0.184511,0.276089,1016.550781
1152248,0.113371,0.163245,0.178397,0.049869388,0.088416327,0.965390408,-0.578563,-0.182567,0.277689,1016.550781
1152348,0.117847,0.152021,0.186252,0.051123878,0.081548571,0.962474796,-0.579529,-0.180984,0.276266,1016.550781
1152448,0.122689,0.137841,0.192516,0.056399694,0.073913469,0.953728776,-0.583011,-0.177939,0.276417,1016.550781
1152548,0.120711,0.117379,0.195483,0.056632755,0.066082245,0.941919286,-0.584477,-0.177843,0.274917,1016.550781
1152648,0.109364,0.10073,0.200716,0.062901633,0.061785918,0.936933367,-0.58594,-0.175754,0.273519,1016.550781
1152748,0.103826,0.097247,0.204169,0.070358673,0.064537653,0.933112143,-0.588466,-0.174815,0.275568,1016.550781
1152848,0.089685,0.100902,0.213448,0.076302959,0.068773878,0.943948265,-0.586936,-0.17524,0.273544,1016.550781
1152948,0.053801,0.114788,0.232224,0.08663449,0.076400306,0.962913571,-0.589913,-0.174172,0.273094,1016.550781
1153048,0.009756,0.132854,0.253245,0.09965449,0.078426837,0.984265918,-0.591378,-0.17308,0.271645,1016.550781
1153148,-0.022714,0.157691,0.271322,0.116213878,0.076229898,1.006407449,-0.592385,-0.168628,0.272873,1016.550781
1153248,-0.032746,0.193722,0.28139,0.132845612,0.078781633,1.03414551,-0.595811,-0.170895,0.269246,1016.550781
1153348,-0.026355,0.228887,0.284284,0.137360408,0.07313398,1.066255612,-0.595777,-0.167336,0.267925,1016.550781
1153448,0.005337,0.268367,0.288471,0.135002245,0.060782143,1.106362551,-0.596293,-0.167376,0.268924,1016.549011
1153548,0.063281,0.293131,0.290373,0.135987041,0.036759796,1.153143265,-0.599732,-0.166203,0.266475,1016.549011
1153648,0.1043,0.332312,0.290594,0.123977449,0.009844184,1.21113,-0.601673,-0.163561,0.264102,1016.549011
1153748,0.140362,0.352335,0.290432,0.115847449,-0.016988673,1.265603673,-0.60117,-0.160579,0.264255,1016.549011
1153848,0.155215,0.363711,0.28917,0.104072245,-0.015721224,1.308127347,-0.60161,-0.15943,0.261307,1016.550781
1153948,0.157686,0.373832,0.287445,0.086081122,0.010456633,1.341795612,-0.604058,-0.156305,0.259459,1016.550781
1154048,0.132935,0.388275,0.292244,0.047753878,0.055841122,1.371535408,-0.608018,-0.152706,0.258636,1016.550781
1154148,0.084439,0.387094,0.292703,-0.004753571,0.099386939,1.395118571,-0.611468,-0.147098,0.257415,1016.550781
1154248,0.032095,0.325393,0.289119,-0.076086735,0.130890204,1.373516531,-0.612921,-0.144985,0.255517,1016.550781
1154348,-0.03066,0.202697,0.278415,-0.13606949,0.135549796,1.311790714,-0.615385,-0.140413,0.254745,1016.550781
1154448,-0.080942,0.075137,0.25495,-0.153524694,0.103754694,1.240348673,-0.612865,-0.139384,0.253297,1016.550781
1154548,-0.106706,-0.034348,0.232077,-0.150706122,0.062600408,1.178095918,-0.614803,-0.134748,0.251026,1016.550781
1154648,-0.116374,-0.138406,0.209616,-0.14891551,0.016863163,1.108975102,-0.614817,-0.132305,0.252153,1016.550781
1154748,-0.104703,-0.23343,0.203919,-0.149756224,-0.033648469,1.046740816,-0.613825,-0.129355,0.252805,1016.550781
1154848,-0.079985,-0.322062,0.206279,-0.148564082,-0.078540816,0.987052551,-0.612354,-0.12696,0.254432,1016.550781
1154948,-0.015594,-0.386446,0.198336,-0.130785612,-0.112724796,0.926483367,-0.614374,-0.126503,0.255957,1016.550781
1155048,0.078041,-0.410136,0.179466,-0.116646429,-0.15413949,0.871359082,-0.611409,-0.124629,0.257559,1016.550781
1155148,0.185041,-0.397557,0.15484,-0.113070102,-0.196452449,0.819243469,-0.610933,-0.121222,0.259236,1016.550781
1155248,0.289296,-0.346887,0.127198,-0.105472347,-0.221353061,0.774595918,-0.611012,-0.118948,0.263861,1016.550781
1155348,0.387247,-0.246177,0.103912,-0.106468367,-0.218822857,0.742548367,-0.610512,-0.117959,0.263912,1016.550781
1155448,0.468245,-0.123222,0.066021,-0.126077653,-0.186495816,0.727766837,-0.610043,-0.118537,0.265386,1016.549011
1155548,0.518097,-0.022608,0.032865,-0.160080204,-0.160802347,0.736926224,-0.608047,-0.116576,0.265489,1016.549011
1155648,0.543717,0.027549,0.003132,-0.178213367,-0.126940816,0.774936531,-0.612484,-0.116385,0.262988,1016.549011
1155748,0.546709,0.045564,-0.022477,-0.184047143,-0.104557347,0.838185,-0.611542,-0.116047,0.266013,1016.549011
1155848,0.524671,0.037483,-0.032051,-0.18094,-0.095417653,0.911092245,-0.610474,-0.111908,0.262718,1016.550781
1155948,0.469375,0.018852,-0.021277,-0.164956837,-0.089437245,0.980582245,-0.613505,-0.114946,0.264564,1016.550781
1156048,0.397616,-0.01522,3.00E-06,-0.154953163,-0.079424184,1.045342347,-0.615,-0.115421,0.264538,1016.550781
1156148,0.335152,-0.042412,0.021537,-0.15122398,-0.075209184,1.107386224,-0.612009,-0.113974,0.264615,1016.550781
1156248,0.289677,-0.047378,0.039096,-0.140811735,-0.086611122,1.151631939,-0.614951,-0.113806,0.262115,1016.550781
1156348,0.258198,-0.033765,0.050106,-0.141606939,-0.095996122,1.151376429,-0.614462,-0.113339,0.26264,1016.550781
1156448,0.21934,-0.038962,0.057391,-0.130740816,-0.094285,1.105714694,-0.617479,-0.113863,0.264113,1016.550781
1156548,0.193095,-0.071017,0.062268,-0.109078673,-0.086017041,1.058035102,-0.617947,-0.10733,0.263444,1016.550781
1156648,0.192263,-0.090516,0.048568,-0.070368265,-0.069968265,1.011087551,-0.615504,-0.112946,0.265164,1016.550781
1156748,0.204752,-0.108018,0.030219,-0.051008367,-0.059812755,0.973686327,-0.616934,-0.108294,0.262394,1016.550781
1156848,0.225041,-0.163801,0.009153,-0.046517449,-0.055070714,0.919528673,-0.615953,-0.106364,0.263495,1016.550781
1156948,0.267142,-0.227073,-0.004183,-0.034525714,-0.054928061,0.889026735,-0.617489,-0.108928,0.265367,1016.550781
1157048,0.299494,-0.266862,-0.014451,-0.036685714,-0.054323571,0.862467959,-0.615484,-0.107441,0.264944,1016.550781
1157148,0.313866,-0.300614,-0.02011,-0.043197755,-0.056149796,0.84574398,-0.614542,-0.106107,0.268019,1016.550781
1157248,0.310733,-0.30645,-0.021786,-0.03219398,-0.054891735,0.854036531,-0.615543,-0.104122,0.26862,1016.550781
1157348,0.306972,-0.281656,-0.01877,-0.01599898,-0.052971939,0.873126531,-0.614077,-0.104218,0.27012,1016.550781
1157448,0.291314,-0.267895,-0.014189,-0.013613878,-0.050747653,0.893660714,-0.613109,-0.104306,0.27162,1016.549011
1157548,0.247301,-0.261654,-0.017633,-0.007617143,-0.048155102,0.917159898,-0.614616,-0.101341,0.272772,1016.549011
1157648,0.210711,-0.255495,-0.020118,-0.00752398,-0.049063265,0.940647653,-0.608146,-0.099475,0.273375,1016.549011
1157748,0.181821,-0.250163,-0.025241,-0.009962755,-0.047212347,0.948235612,-0.608677,-0.102031,0.274747,1016.549011
1157848,0.168604,-0.239084,-0.030489,-0.009021327,-0.052343265,0.951063163,-0.607236,-0.100704,0.277823,1016.550781
1157948,0.163574,-0.227215,-0.031945,-0.009636122,-0.065196531,0.940746429,-0.605233,-0.100214,0.277349,1016.550781
1158048,0.145529,-0.238008,-0.026301,-0.019744184,-0.080866633,0.918207857,-0.605733,-0.101202,0.277298,1016.550781
1158148,0.113335,-0.263911,-0.012087,-0.021907857,-0.092847653,0.902767857,-0.602245,-0.100759,0.277325,1016.550781
1158248,0.078814,-0.278263,0.003027,-0.009425612,-0.100402245,0.903716429,-0.603312,-0.103901,0.28067,1016.550781
1158348,0.058032,-0.266828,0.012289,0.003548878,-0.092902755,0.907853673,-0.600327,-0.100983,0.281324,1016.550781
1158448,0.045384,-0.235418,0.017664,0.011116939,-0.096654184,0.916621429,-0.598344,-0.101039,0.281824,1016.550781
1158548,0.021642,-0.179614,0.020022,0.014892551,-0.097095408,0.928758878,-0.595872,-0.101127,0.282825,1016.550781
1158648,0.006674,-0.117231,0.015585,0.018757449,-0.10025898,0.941321327,-0.598384,-0.10263,0.283747,1016.550781
1158748,-0.009532,-0.056214,0.016182,0.025718776,-0.103063163,0.969487347,-0.597348,-0.106511,0.281045,1016.550781
1158848,-0.028083,0.007425,0.007303,0.019372857,-0.092097653,0.991704082,-0.595892,-0.107129,0.283019,1016.550781
1158948,-0.037728,0.042248,-0.006048,0.008110714,-0.100428673,1.003698571,-0.596855,-0.104052,0.281672,1016.550781
1159048,-0.041283,0.046336,-0.015025,-0.015193469,-0.098777245,1.00026449,-0.59288,-0.104139,0.282173,1016.550781
1159148,-0.042396,0.043839,-0.033231,-0.025290918,-0.097416837,0.997517653,-0.593356,-0.107547,0.280496,1016.550781
1159248,-0.024689,0.056054,-0.052298,-0.033382041,-0.102072959,1.000745204,-0.594838,-0.106004,0.280071,1016.550781
1159348,0.004675,0.064222,-0.071387,-0.061255612,-0.110814592,0.991271224,-0.595319,-0.106447,0.279047,1016.550781
1159448,0.036138,0.037605,-0.093808,-0.088862449,-0.118546122,0.973522755,-0.593844,-0.107017,0.280021,1016.549011
1159548,0.080186,0.002184,-0.112127,-0.094534286,-0.138447653,0.967959082,-0.592301,-0.105924,0.277574,1016.549011
1159648,0.137546,-0.018957,-0.123013,-0.089249082,-0.158967347,0.979107959,-0.594853,-0.109018,0.280419,1016.549011
1159748,0.203436,0.000839,-0.130798,-0.069009898,-0.191107041,1.012633878,-0.592823,-0.108953,0.27842,1016.549011
1159848,0.260529,0.060067,-0.127075,-0.035638469,-0.206132143,1.06115398,-0.592849,-0.107531,0.279996,1016.550781
1159948,0.26689,0.14392,-0.117431,0.003683776,-0.181627449,1.105868265,-0.596344,-0.107001,0.28052,1016.550781
1160048,0.208669,0.2487,-0.105766,0.054979592,-0.130517653,1.161155408,-0.594335,-0.108479,0.279445,1016.550781
1160148,0.123286,0.365903,-0.098761,0.093463061,-0.071299898,1.225356939,-0.598752,-0.107243,0.275996,1016.550781
1160248,0.037913,0.457155,-0.098212,0.094459592,0.000667551,1.275324184,-0.598709,-0.109614,0.27337,1016.550781
1160348,-0.039286,0.500731,-0.101208,0.056197245,0.075431327,1.284826224,-0.602707,-0.111568,0.273767,1016.550781
1160448,-0.079109,0.501744,-0.123158,0.001845102,0.121253265,1.256782755,-0.605658,-0.110926,0.271792,1016.550781
1160548,-0.088173,0.500891,-0.15039,-0.050597857,0.110317653,1.259724388,-0.606571,-0.111192,0.267268,1016.550781
1160648,-0.115387,0.509543,-0.176304,-0.107816122,0.090803469,1.266069796,-0.609531,-0.110574,0.265793,1016.550781
1160748,-0.185913,0.448453,-0.199267,-0.189405612,0.058331633,1.195305408,-0.612461,-0.113845,0.262116,1016.550781
1160848,-0.279374,0.29036,-0.201453,-0.25640949,0.03741898,1.062753367,-0.613451,-0.11084,0.262268,1016.550781
1160948,-0.360527,0.085078,-0.192844,-0.286549694,0.026751735,0.966514082,-0.610917,-0.112254,0.259693,1016.550781
1161048,-0.408804,-0.092186,-0.181742,-0.285061429,-0.000565612,0.930945102,-0.612887,-0.115139,0.258041,1016.550781
1161148,-0.425994,-0.215085,-0.148566,-0.257268469,-0.027379286,0.907365612,-0.611432,-0.116754,0.259964,1016.550781
1161248,-0.411848,-0.292224,-0.11785,-0.223561327,-0.037309286,0.87758949,-0.611411,-0.115211,0.259041,1016.550781
1161348,-0.397484,-0.326116,-0.090654,-0.169306429,-0.029332857,0.847528673,-0.612483,-0.121343,0.262234,1016.550781
1161448,-0.386754,-0.31519,-0.072885,-0.107114796,-0.015193469,0.83397,-0.608465,-0.118345,0.260889,1016.549011
1161548,-0.386308,-0.258762,-0.052989,-0.076157551,0.008519898,0.848467245,-0.608984,-0.119381,0.261837,1016.549011
1161648,-0.409873,-0.19551,-0.034536,-0.059777143,0.040914184,0.880828469,-0.608494,-0.124371,0.261584,1016.549011
1161748,-0.450503,-0.125014,-0.019279,-0.047102551,0.066568571,0.918031531,-0.605488,-0.124869,0.260559,1016.549011
1161848,-0.494564,-0.031061,-0.001575,-0.060697959,0.075052041,0.941023265,-0.607923,-0.130141,0.256781,1016.550781
1161948,-0.519366,0.044909,0.009679,-0.093275612,0.067795918,0.949120612,-0.606452,-0.133202,0.257628,1016.550781
1162048,-0.503379,0.090437,0.010023,-0.124362755,0.05113949,0.96169051,-0.606392,-0.136023,0.253977,1016.550781
1162148,-0.462391,0.10713,0.000365,-0.145595306,0.024651939,0.990241531,-0.607816,-0.1378,0.249876,1016.550781
1162248,-0.406048,0.091805,-0.022064,-0.154491122,-0.018479898,1.027533163,-0.608773,-0.141649,0.247174,1016.550781
1162348,-0.329418,0.046559,-0.044392,-0.147133367,-0.058353163,1.076496837,-0.606755,-0.143103,0.245599,1016.550781
1162448,-0.242781,-0.015127,-0.069328,-0.150202755,-0.090918367,1.111412755,-0.607293,-0.144687,0.247522,1016.550781
1162548,-0.161319,-0.079868,-0.069309,-0.158522347,-0.100670306,1.115189388,-0.608734,-0.146013,0.244447,1016.550781
1162648,-0.103562,-0.159902,-0.048453,-0.158030306,-0.08911102,1.081007245,-0.608281,-0.150103,0.246242,1016.550781
1162748,-0.068995,-0.229286,-0.024989,-0.147723163,-0.061240408,1.042213163,-0.606272,-0.146623,0.245921,1016.550781
1162848,-0.046256,-0.284972,-0.011292,-0.118250918,-0.039367653,1.005268163,-0.608779,-0.150593,0.246217,1016.550781
1162948,-0.03522,-0.301203,0.004738,-0.068576224,-0.024232245,0.985225714,-0.607796,-0.147668,0.247369,1016.550781
1163048,-0.049216,-0.272422,0.037242,-0.032389898,-0.020663163,0.971651327,-0.607281,-0.148624,0.246319,1016.550781
1163148,-0.064353,-0.25368,0.076993,-0.016960612,-0.012367755,0.93726398,-0.60787,-0.147362,0.251393,1016.550781
1163248,-0.106343,-0.215772,0.111523,0.001494898,-0.002258163,0.924772143,-0.605371,-0.147876,0.250869,1016.550781
1163348,-0.144824,-0.152724,0.127201,0.011282245,0.008020408,0.910469184,-0.606341,-0.148784,0.249318,1016.550781
1163448,-0.16458,-0.091464,0.129909,-0.002487755,0.012088061,0.899155306,-0.609348,-0.148785,0.250317,1016.549011
1163548,-0.162393,-0.054674,0.120635,-0.020831224,0.021293061,0.889638367,-0.610357,-0.150288,0.25074,1016.549011
1163648,-0.146364,-0.020671,0.09938,-0.028493061,0.03334898,0.910656531,-0.610815,-0.148689,0.248817,1016.549011
1163748,-0.134902,0.015102,0.066509,-0.048256429,0.040474286,0.936732755,-0.611316,-0.150674,0.248715,1016.549011
1163848,-0.122913,0.011978,0.037506,-0.067317041,0.045914796,0.945211531,-0.612764,-0.15053,0.246216,1016.550781
1163948,-0.111839,-0.030145,0.014325,-0.074763061,0.054435102,0.944658776,-0.612756,-0.151004,0.24569,1016.550781
1164048,-0.108635,-0.087641,-0.007896,-0.070741735,0.05466,0.943844184,-0.613264,-0.151519,0.246165,1016.550781
1164148,-0.093349,-0.139082,-0.021361,-0.061522755,0.047169286,0.947086122,-0.609776,-0.151076,0.246191,1016.550781
1164248,-0.080385,-0.172751,-0.030642,-0.044928673,0.033512449,0.95577051,-0.613278,-0.154034,0.246538,1016.550781
1164348,-0.065961,-0.163511,-0.036705,-0.02487602,0.016267959,0.96793949,-0.609276,-0.149589,0.246268,1016.550781
1164448,-0.052923,-0.130853,-0.038455,-0.023422755,0.003642755,0.969025612,-0.607795,-0.152128,0.246641,1016.550781
1164548,-0.035439,-0.099662,-0.034425,-0.025137755,-0.007341633,0.957476735,-0.609278,-0.151084,0.246191,1016.550781
1164648,-0.016005,-0.077477,-0.02397,-0.023781224,-0.008947347,0.948505,-0.608256,-0.152024,0.244641,1016.550781
1164748,0.002414,-0.062883,-0.011833,-0.018027755,-0.008135918,0.95151,-0.605791,-0.150641,0.246218,1016.550781
1164848,0.011466,-0.038274,0.000731,-0.008017551,-0.007741633,0.969009388,-0.607776,-0.15208,0.245641,1016.550781
1164948,0.009204,-0.005105,0.010023,-0.003319694,-0.003620408,0.986702347,-0.605749,-0.148053,0.244346,1016.550781
1165048,-0.01104,0.0137,0.018671,-0.015241122,0.014372653,0.992018265,-0.606287,-0.149637,0.246269,1016.550781
1165148,-0.052468,0.012896,0.024156,-0.017491224,0.044774898,0.982961939,-0.602778,-0.147651,0.245372,1016.550781
1165248,-0.091718,0.006667,0.020717,-0.017045204,0.069848673,0.968870408,-0.602268,-0.14614,0.244948,1016.550781
1165348,-0.106416,0.005381,0.010381,-0.021619286,0.079680306,0.963002857,-0.604227,-0.148503,0.242821,1016.550781
1165448,-0.098615,-0.003466,-0.000145,-0.031935102,0.079906735,0.960755714,-0.600752,-0.149579,0.243271,1016.549011
1165548,-0.090871,-0.01739,-0.008114,-0.035185816,0.069417041,0.95979551,-0.604727,-0.148993,0.242796,1016.549011
1165648,-0.080522,-0.021058,-0.014317,-0.026351837,0.051623265,0.958848571,-0.60222,-0.150479,0.241721,1016.549011
1165748,-0.068369,-0.010486,-0.012328,-0.008431939,0.034216633,0.959046531,-0.600722,-0.14851,0.241823,1016.549011
1165848,-0.058373,0.011188,-0.012382,0.002388571,0.020486224,0.961608878,-0.599183,-0.14941,0.239274,1016.550781
1165948,-0.056768,0.049918,-0.005155,0.008965102,0.01654398,0.971056837,-0.600653,-0.14585,0.238451,1016.550781
1166048,-0.057654,0.095353,0.005826,0.00307898,0.018620612,0.986690816,-0.599645,-0.149804,0.237248,1016.550781
1166148,-0.065758,0.130516,0.019462,-0.005456224,0.020732857,0.99994551,-0.596615,-0.147762,0.235352,1016.550781
1166248,-0.067506,0.140718,0.034491,-0.01093449,0.019867653,1.003438673,-0.596076,-0.145681,0.233455,1016.550781
1166348,-0.064512,0.15626,0.043839,0.009831122,0.014632653,1.019906224,-0.595125,-0.14482,0.236005,1016.550781
1166448,-0.067312,0.191034,0.060241,0.032784592,0.006458061,1.031905918,-0.595033,-0.145078,0.230981,1016.550781
1166548,-0.062354,0.23534,0.079181,0.068742347,-0.005083163,1.042688061,-0.595479,-0.14196,0.228635,1016.550781
1166648,-0.046875,0.316098,0.10505,0.098599694,-0.013413469,1.062175102,-0.59498,-0.14147,0.22866,1016.550781
1166748,0.000405,0.426125,0.118227,0.094412143,-0.02442102,1.099238878,-0.59494,-0.139879,0.226737,1016.550781
1166848,0.076858,0.537375,0.115132,0.069109184,-0.03470398,1.144661837,-0.595332,-0.137613,0.221341,1016.550781
1166948,0.136336,0.581508,0.100393,0.028189082,-0.022563367,1.165453163,-0.597785,-0.137477,0.219341,1016.550781
1167048,0.147876,0.523517,0.083306,0.004031429,0.008705102,1.173691224,-0.600697,-0.130286,0.216197,1016.550781
1167148,0.087302,0.430658,0.062523,-0.001973367,0.048048571,1.197373878,-0.596665,-0.130229,0.213699,1016.550781
1167248,0.001908,0.385905,0.049884,-0.005075816,0.071288673,1.251905918,-0.59959,-0.130511,0.210174,1016.550781
1167348,-0.083352,0.381961,0.040576,-0.041312245,0.085529082,1.290199388,-0.599556,-0.12745,0.208827,1016.550781
1167448,-0.163069,0.389934,0.036397,-0.078259796,0.091004592,1.305219898,-0.601992,-0.122806,0.206556,1016.549011
1167548,-0.233418,0.37188,0.038281,-0.101730714,0.086804796,1.296081429,-0.603476,-0.121761,0.206107,1016.549011
1167648,-0.284813,0.305405,0.034159,-0.122736531,0.082064592,1.255723673,-0.600908,-0.120114,0.202185,1016.549011
1167748,-0.326242,0.191265,0.024955,-0.146515306,0.066022959,1.201070204,-0.605337,-0.115438,0.199913,1016.549011
1167848,-0.348248,0.063721,0.01764,-0.142490714,0.040018571,1.142030816,-0.606831,-0.115414,0.199913,1016.550781
1167948,-0.367648,-0.050761,0.017689,-0.122050306,0.020170816,1.087562755,-0.602828,-0.110471,0.199668,1016.550781
1168048,-0.366994,-0.120832,0.022543,-0.086758367,0.00182551,1.041531939,-0.603372,-0.110085,0.202193,1016.550781
1168148,-0.345572,-0.14076,0.024187,-0.060502143,-0.011804592,0.992158367,-0.601802,-0.109418,0.19822,1016.550781
1168248,-0.304619,-0.127932,0.025086,-0.039032041,-0.027126122,0.938832653,-0.600846,-0.106067,0.200897,1016.550781
1168348,-0.239788,-0.095512,0.020344,-0.03376449,-0.040097143,0.886984082,-0.603326,-0.105007,0.200448,1016.550781
1168448,-0.146056,-0.092198,0.004915,-0.035742857,-0.041842959,0.827151531,-0.602251,-0.102837,0.196551,1016.550781
1168548,-0.033823,-0.083728,-0.022145,-0.048909184,-0.04538898,0.776226327,-0.598331,-0.103068,0.200051,1016.550781
1168648,0.081766,-0.066043,-0.055261,-0.067342041,-0.061067245,0.736221531,-0.599338,-0.103575,0.200525,1016.550781
1168748,0.204772,-0.038974,-0.085522,-0.086952755,-0.084076429,0.710562347,-0.597818,-0.099565,0.199729,1016.550781
1168848,0.3057,-0.011653,-0.100371,-0.116171122,-0.108345102,0.713501224,-0.595829,-0.101589,0.199628,1016.550781
1168948,0.370967,0.017692,-0.107965,-0.145192653,-0.13628449,0.743703673,-0.593855,-0.101669,0.200628,1016.550781
1169048,0.398513,0.037284,-0.102978,-0.168207245,-0.166861122,0.790992551,-0.590892,-0.105751,0.201425,1016.550781
1169148,0.403477,0.052452,-0.08146,-0.167328776,-0.18420051,0.861625102,-0.592365,-0.103686,0.200527,1016.550781
1169248,0.384122,0.077199,-0.044481,-0.148433673,-0.175069796,0.94942449,-0.590365,-0.105188,0.199951,1016.550781
1169348,0.340338,0.115971,-0.011527,-0.132842653,-0.154438571,1.049652245,-0.591346,-0.107117,0.19885,1016.550781
1169448,0.28053,0.133686,0.021805,-0.121585102,-0.133065816,1.141317347,-0.589824,-0.107068,0.197351,1016.549011
1169548,0.222375,0.112694,0.055488,-0.134715714,-0.105268061,1.194872041,-0.590304,-0.107012,0.196351,1016.549011
1169648,0.175946,0.073933,0.083964,-0.141389898,-0.06904602,1.202822857,-0.587787,-0.107976,0.194802,1016.549011
1169748,0.145863,0.046896,0.093857,-0.136147245,-0.033952143,1.172236429,-0.58981,-0.104553,0.196978,1016.549011
1169848,0.127172,0.033744,0.090447,-0.120927245,-0.006341939,1.12526102,-0.588329,-0.106594,0.197377,1016.550781
1169948,0.113364,0.011278,0.073098,-0.091968265,0.008843776,1.070943469,-0.592254,-0.104393,0.194479,1016.550781
1170048,0.099814,-0.020938,0.051452,-0.058124694,0.011568163,1.017403878,-0.590744,-0.100407,0.194182,1016.550781
1170148,0.084767,-0.067608,0.027064,-0.020201224,0.004507245,0.977015612,-0.591749,-0.100415,0.194682,1016.550781
1170248,0.087093,-0.11622,0.00859,0.008908469,-0.012003878,0.949849286,-0.592779,-0.098503,0.196782,1016.550781
1170348,0.109095,-0.152434,-0.001516,0.024009694,-0.024516633,0.92889949,-0.589248,-0.094476,0.194988,1016.550781
1170448,0.143661,-0.178331,-0.012295,0.028969694,-0.03412949,0.905436327,-0.590791,-0.095569,0.197435,1016.550781
1170548,0.181088,-0.195183,-0.014383,0.028880408,-0.045166224,0.883235918,-0.589797,-0.092122,0.198113,1016.550781
1170648,0.202248,-0.195677,-0.014661,0.024452551,-0.045365612,0.861875102,-0.587861,-0.092298,0.201113,1016.550781
1170748,0.220462,-0.175178,-0.015495,0.030336122,-0.050514694,0.845064184,-0.586345,-0.090778,0.20019,1016.550781
1170848,0.232588,-0.141385,-0.00947,0.029614898,-0.051407245,0.841956224,-0.586407,-0.088954,0.20379,1016.550781
1170948,0.231802,-0.099466,-0.006693,0.026039388,-0.037065816,0.84574102,-0.585956,-0.089581,0.206264,1016.550781
1171048,0.209254,-0.078377,-0.005555,0.017821633,-0.030128776,0.858592143,-0.586454,-0.089573,0.206264,1016.550781
1171148,0.179902,-0.045747,-0.011213,0.011241429,-0.024602551,0.884415306,-0.582956,-0.088109,0.205841,1016.550781
1171248,0.138716,-0.017475,-0.01468,0.007692755,-0.026964082,0.916820612,-0.582447,-0.087595,0.205367,1016.550781
1171348,0.10462,-0.016807,-0.013554,-0.00429398,-0.037080816,0.948299286,-0.580456,-0.088125,0.205342,1016.550781
1171448,0.094953,-0.037307,-0.014521,-0.002797041,-0.046239898,0.971233163,-0.5775,-0.085778,0.207469,1016.549011
1171548,0.100339,-0.059776,-0.011908,0.009515714,-0.055954898,0.99863398,-0.581441,-0.087089,0.204893,1016.549011
1171648,0.126522,-0.081336,-0.010664,0.016488061,-0.06872051,1.022169286,-0.579513,-0.086791,0.208417,1016.549011
1171748,0.140747,-0.095488,-0.007727,0.031855714,-0.075037755,1.026536735,-0.578064,-0.086436,0.210942,1016.549011
1171848,0.141188,-0.106587,-0.003256,0.050261224,-0.073498163,1.011792653,-0.575559,-0.083462,0.210596,1016.550781
1171948,0.121323,-0.118665,0.002656,0.065296224,-0.071034796,0.991322245,-0.575107,-0.083591,0.213095,1016.550781
1172048,0.103231,-0.120693,0.002782,0.085002653,-0.061948061,0.979663367,-0.576589,-0.08155,0.212696,1016.550781
1172148,0.093431,-0.099062,-0.000502,0.096498571,-0.050437449,0.967706939,-0.570635,-0.079226,0.214324,1016.550781
1172248,0.091944,-0.071153,0.000317,0.098100102,-0.040890714,0.96077051,-0.575105,-0.077138,0.213925,1016.550781
1172348,0.088389,-0.038848,-0.001089,0.090414898,-0.03088898,0.95577398,-0.570677,-0.076855,0.21695,1016.550781
1172448,0.077356,-0.012843,-0.008195,0.077292755,-0.026106735,0.951040102,-0.572168,-0.074839,0.217052,1016.550781
1172548,0.06943,0.001659,-0.021818,0.069634082,-0.028001939,0.950353571,-0.568686,-0.072925,0.217654,1016.550781
1172648,0.064403,0.000339,-0.037532,0.063918265,-0.033311122,0.943346327,-0.567727,-0.073037,0.219654,1016.550781
1172748,0.068302,-0.010628,-0.052639,0.056703163,-0.045538061,0.940520408,-0.569729,-0.072531,0.220178,1016.550781
1172848,0.065435,-0.025121,-0.061909,0.049495612,-0.056573878,0.942103776,-0.564745,-0.071116,0.220256,1016.550781
1172948,0.063547,-0.033782,-0.065057,0.043418265,-0.061927143,0.941943367,-0.566277,-0.071687,0.222229,1016.550781
1173048,0.051139,-0.038893,-0.066415,0.043988367,-0.066981327,0.954135204,-0.565796,-0.070746,0.22328,1016.550781
1173148,0.030656,-0.024216,-0.069514,0.045107551,-0.059392245,0.967543367,-0.565804,-0.070272,0.223805,1016.550781
1173248,0.024737,-0.005056,-0.07415,0.042936531,-0.049520204,0.970728571,-0.563868,-0.070448,0.226804,1016.550781
1173348,0.016528,0.012266,-0.084116,0.03068398,-0.049036327,0.980293265,-0.56289,-0.070512,0.227805,1016.550781
1173448,0.008402,0.035027,-0.088969,0.002286122,-0.054480204,0.979348367,-0.559883,-0.070512,0.226806,1016.549011
1173548,0.027221,0.044201,-0.092164,-0.028626633,-0.072840306,0.97899102,-0.561359,-0.070938,0.22578,1016.549011
1173648,0.072465,0.0515,-0.099755,-0.056146224,-0.095341735,0.994882551,-0.560919,-0.072087,0.228728,1016.549011
1173748,0.119013,0.078099,-0.110546,-0.052326122,-0.106458571,1.027515918,-0.558459,-0.073693,0.230152,1016.549011
1173848,0.124732,0.129372,-0.119999,-0.014750408,-0.096660612,1.075937449,-0.557464,-0.074207,0.230127,1016.550781
1173948,0.074864,0.196722,-0.133855,0.058920612,-0.066695306,1.14948949,-0.556448,-0.073677,0.229154,1016.550781
1174048,0.014927,0.294642,-0.150725,0.147670306,-0.029442347,1.243387857,-0.560963,-0.076169,0.230525,1016.550781
1174148,-0.048775,0.415993,-0.175253,0.20025398,0.034997857,1.330844694,-0.558933,-0.076104,0.228526,1016.550781
1174248,-0.108292,0.53387,-0.212685,0.216518061,0.114044388,1.371909082,-0.559416,-0.077543,0.22745,1016.550781
1174348,-0.163394,0.613658,-0.256375,0.187938673,0.169796122,1.359673061,-0.560347,-0.077358,0.223951,1016.550781
1174448,-0.206854,0.676039,-0.294091,0.155155306,0.178768878,1.322035102,-0.562319,-0.08124,0.222248,1016.550781
1174548,-0.213354,0.755596,-0.320778,0.107378163,0.142505306,1.325979592,-0.565267,-0.079602,0.220324,1016.550781
1174648,-0.191554,0.835075,-0.339588,0.044996224,0.072030204,1.362263265,-0.566676,-0.078365,0.215876,1016.550781
1174748,-0.165317,0.847705,-0.344888,-0.035201735,0.004417551,1.355938163,-0.56919,-0.080865,0.216748,1016.550781
1174848,-0.130925,0.736895,-0.333077,-0.148767959,-0.051276735,1.287421837,-0.570069,-0.077571,0.210902,1016.550781
1174948,-0.076595,0.506843,-0.302335,-0.261806531,-0.123257653,1.203876224,-0.572098,-0.077635,0.212901,1016.550781
1175048,-0.017368,0.199139,-0.250653,-0.332224694,-0.164406939,1.117962245,-0.575534,-0.074969,0.210528,1016.550781
1175148,0.030273,-0.080965,-0.201606,-0.325737347,-0.160963469,1.040894286,-0.572578,-0.072621,0.212655,1016.550781
1175248,0.09515,-0.282899,-0.166028,-0.258677041,-0.132466531,0.991470306,-0.572624,-0.077201,0.214426,1016.550781
1175348,0.157112,-0.394715,-0.156047,-0.15819898,-0.096296327,0.957480306,-0.576155,-0.070814,0.217753,1016.550781
1175448,0.163797,-0.420345,-0.146027,-0.043930612,-0.054458673,0.923161837,-0.572267,-0.073111,0.222651,1016.549011
1175548,0.084942,-0.398891,-0.122289,0.041926327,-0.010135612,0.872635612,-0.571306,-0.072226,0.224702,1016.549011
1175648,-0.04297,-0.318308,-0.07602,0.083541224,0.050822959,0.824449796,-0.56935,-0.072354,0.226701,1016.549011
1175748,-0.168913,-0.14973,-0.018919,0.076857041,0.121444082,0.787949796,-0.571377,-0.075883,0.228022,1016.549011
1175848,-0.267771,0.042311,0.033917,0.020959694,0.162326735,0.746495918,-0.56934,-0.07679,0.225473,1016.550781
1175948,-0.319576,0.203158,0.06876,-0.057574694,0.17530102,0.730443061,-0.571302,-0.080648,0.22327,1016.550781
1176048,-0.376461,0.330636,0.099542,-0.111926939,0.157382143,0.745539082,-0.572716,-0.082401,0.21867,1016.550781
1176148,-0.400427,0.399852,0.113516,-0.152702041,0.123189388,0.772528469,-0.569738,-0.088427,0.218366,1016.550781
1176248,-0.358791,0.38871,0.101824,-0.177763061,0.085387041,0.820098673,-0.569691,-0.093265,0.215113,1016.550781
1176348,-0.257547,0.309527,0.058552,-0.199425,0.045191531,0.884922551,-0.572614,-0.09255,0.211639,1016.550781
1176448,-0.114014,0.195999,-0.002901,-0.214636939,0.003257857,0.954102347,-0.5726,-0.094993,0.210512,1016.550781
1176548,0.033502,0.098398,-0.058683,-0.195656837,-0.023474082,1.042061939,-0.571114,-0.099999,0.210258,1016.550781
1176648,0.157649,0.031261,-0.095491,-0.16673449,-0.021176939,1.111926939,-0.570092,-0.101438,0.208683,1016.550781
1176748,0.220724,-0.048513,-0.116197,-0.149349082,-0.001825918,1.130121429,-0.572565,-0.106806,0.206904,1016.550781
1176848,0.231174,-0.125353,-0.104317,-0.116533061,0.00956,1.117989388,-0.572035,-0.104749,0.205506,1016.550781
1176948,0.208231,-0.169808,-0.067479,-0.071931122,0.020291633,1.108402755,-0.572125,-0.108453,0.209826,1016.550781
1177048,0.169751,-0.174376,-0.020251,-0.024621531,0.036034286,1.092216633,-0.57361,-0.107907,0.209352,1016.550781
1177148,0.124775,-0.144133,0.02347,0.004386939,0.04976551,1.063333163,-0.574117,-0.107924,0.209851,1016.550781
1177248,0.071147,-0.101657,0.062902,0.024102551,0.055816327,1.028634082,-0.574095,-0.105882,0.208953,1016.550781
1177348,0.016657,-0.046885,0.094398,0.036506837,0.052713776,0.994569388,-0.575602,-0.107876,0.209351,1016.550781
1177448,-0.027522,0.007749,0.116342,0.044281735,0.049700816,0.962514694,-0.576107,-0.106397,0.209927,1016.549011
1177548,-0.061311,0.05433,0.121449,0.034258673,0.039892857,0.941881735,-0.580054,-0.106238,0.207926,1016.549011
1177648,-0.049913,0.063762,0.125858,0.015359286,0.025723878,0.916727959,-0.582528,-0.107147,0.206875,1016.549011
1177748,-0.033176,0.044888,0.12327,0.001083776,0.014705306,0.915540714,-0.582023,-0.108625,0.206299,1016.549011
1177848,-0.007024,0.014579,0.120221,-0.007160816,0.008509898,0.917431429,-0.583036,-0.107163,0.207375,1016.550781
1177948,0.015082,-0.02327,0.11536,-0.007780306,0.011523469,0.923198571,-0.584004,-0.107075,0.205875,1016.550781
1178048,0.040632,-0.051716,0.104737,-0.00766398,0.015363061,0.91647449,-0.586009,-0.10906,0.206273,1016.550781
1178148,0.082378,-0.073713,0.090981,0.000286837,0.031693571,0.915571224,-0.589023,-0.10759,0.207847,1016.550781
1178248,0.117478,-0.069646,0.068352,0.009092041,0.045646735,0.916667143,-0.588535,-0.10812,0.208322,1016.550781
1178348,0.149367,-0.058413,0.048185,0.011643571,0.044700816,0.916107857,-0.591026,-0.108081,0.208321,1016.550781
1178448,0.169367,-0.05202,0.034783,0.012666633,0.046235306,0.917609082,-0.589552,-0.109149,0.20927,1016.550781
1178548,0.18973,-0.046276,0.026788,0.019154184,0.046580612,0.921373265,-0.59252,-0.107559,0.208346,1016.550781
1178648,0.204767,-0.047327,0.020007,0.023277449,0.05656102,0.916787857,-0.593554,-0.108138,0.210319,1016.550781
1178748,0.209733,-0.049217,0.017263,0.02639,0.064343163,0.923137245,-0.59555,-0.110099,0.210217,1016.550781
1178848,0.209846,-0.050712,0.014041,0.025596224,0.073388673,0.920981939,-0.596076,-0.110163,0.211716,1016.550781
1178948,0.211345,-0.057599,0.009602,0.025566531,0.081637755,0.921653061,-0.594567,-0.112132,0.210616,1016.550781
1179048,0.218582,-0.064586,0.00532,0.031404592,0.081761735,0.914710102,-0.598072,-0.112124,0.211614,1016.550781
1179148,0.236933,-0.075889,-0.003079,0.03755551,0.078173163,0.912512245,-0.595068,-0.10866,0.211293,1016.550781
1179248,0.251455,-0.088675,-0.008308,0.046043061,0.070885306,0.913647959,-0.598117,-0.111248,0.214164,1016.550781
1179348,0.258756,-0.090475,-0.005879,0.057704388,0.058992143,0.92237898,-0.59513,-0.112292,0.214114,1016.550781
1179448,0.254656,-0.080202,0.002416,0.058442245,0.05795551,0.925160102,-0.600115,-0.109248,0.214765,1016.549011
1179548,0.238434,-0.074096,0.015337,0.052594694,0.063426122,0.924481531,-0.594209,-0.113497,0.218062,1016.549011
1179648,0.213006,-0.07249,0.025414,0.050324796,0.072054694,0.916990204,-0.597191,-0.109464,0.218265,1016.549011
1179748,0.184582,-0.074828,0.040393,0.050518878,0.077730816,0.917500408,-0.596707,-0.111987,0.218637,1016.549011
1179848,0.154054,-0.085599,0.056886,0.056620408,0.085192755,0.921607653,-0.598227,-0.110541,0.220213,1016.550781
1179948,0.123933,-0.103523,0.073173,0.066802959,0.097500204,0.935732653,-0.597759,-0.112116,0.221636,1016.550781
1180048,0.091401,-0.114672,0.083816,0.078354388,0.10679102,0.957746327,-0.597318,-0.112767,0.22461,1016.550781
1180148,0.058077,-0.108908,0.087621,0.093436122,0.112371224,0.982585714,-0.597751,-0.11259,0.221111,1016.550781
1180248,0.021471,-0.090205,0.091566,0.098327245,0.117519898,1.00178,-0.598315,-0.113249,0.224584,1016.550781
1180348,-0.017546,-0.067602,0.089727,0.098729286,0.116002449,1.011825204,-0.597793,-0.110219,0.223737,1016.550781
1180448,-0.04643,-0.055004,0.090118,0.094819592,0.110483265,1.010709286,-0.595818,-0.109801,0.224762,1016.550781
1180548,-0.069903,-0.037272,0.084571,0.086452959,0.104665816,1.002720102,-0.598788,-0.109705,0.223762,1016.550781
1180648,-0.100585,-0.04459,0.085562,0.09342,0.086624184,0.995281633,-0.596371,-0.109439,0.227786,1016.550781
1180748,-0.117153,-0.03072,0.086913,0.106024286,0.06301551,0.999021939,-0.598798,-0.109729,0.224262,1016.550781
1180848,-0.114976,0.008576,0.092774,0.125020102,0.034664694,1.006047857,-0.597294,-0.109729,0.223762,1016.550781
1180948,-0.098117,0.033365,0.104575,0.129975612,0.008335204,1.008173571,-0.600336,-0.108331,0.226836,1016.550781
1181048,-0.072279,0.033289,0.1173,0.143018265,-0.006038878,1.013185,-0.602798,-0.108219,0.225336,1016.550781
1181148,-0.056314,0.045917,0.129998,0.160922959,-0.013068265,1.025565918,-0.599862,-0.106418,0.228438,1016.550781
1181248,-0.038991,0.064329,0.148538,0.169595204,-0.018582653,1.041349388,-0.5988,-0.105767,0.224965,1016.550781
1181348,-0.024126,0.085413,0.1687,0.164295102,-0.006213367,1.04785398,-0.602272,-0.102699,0.224616,1016.550781
1181448,-0.011345,0.099917,0.183488,0.154268061,0.013775,1.042282857,-0.601819,-0.102329,0.227141,1016.549011
1181548,-0.005005,0.095701,0.187728,0.146131122,0.037291939,1.03398602,-0.602284,-0.099259,0.225793,1016.549011
1181648,-0.002707,0.092061,0.184312,0.147733061,0.052571735,1.023641633,-0.601781,-0.101734,0.225167,1016.549011
1181748,0.014588,0.096045,0.180557,0.152928469,0.060285204,1.02495051,-0.603783,-0.09627,0.226446,1016.549011
1181848,0.028406,0.134002,0.173288,0.171247347,0.064830408,1.02615602,-0.60676,-0.100161,0.225242,1016.550781
1181948,0.047769,0.193176,0.168844,0.192935612,0.057963367,1.051096837,-0.610198,-0.098988,0.222792,1016.550781
1182048,0.060756,0.286714,0.163206,0.208923673,0.038389898,1.105423673,-0.611247,-0.097124,0.225893,1016.550781
1182148,0.084546,0.376367,0.160181,0.194382959,0.013415714,1.170342959,-0.611188,-0.095485,0.22297,1016.550781
1182248,0.090671,0.439351,0.161261,0.131080408,0.006904592,1.23015898,-0.612621,-0.097286,0.219369,1016.550781
1182348,0.059296,0.461852,0.159803,0.061951735,0.018098673,1.26653898,-0.615534,-0.096049,0.21542,1016.550781
1182448,0.023846,0.449283,0.158494,-0.019873878,0.039101633,1.300959796,-0.618508,-0.092988,0.215072,1016.550781
1182548,-0.029254,0.387386,0.153452,-0.108402449,0.069376633,1.321355306,-0.621489,-0.093913,0.214521,1016.550781
1182648,-0.096193,0.224176,0.142054,-0.177055102,0.107532959,1.291247857,-0.622454,-0.09233,0.213097,1016.550781
1182748,-0.210498,0.035101,0.118478,-0.169272653,0.102719898,1.230628061,-0.622921,-0.090257,0.211699,1016.550781
1182848,-0.312819,-0.085035,0.098394,-0.109566531,0.055828061,1.214484796,-0.622932,-0.091278,0.212148,1016.550781
1182948,-0.377817,-0.117457,0.100773,-0.062962245,0.017767041,1.206097347,-0.623432,-0.092267,0.212097,1016.550781
1183048,-0.407295,-0.122257,0.107875,-0.075502245,-0.022301837,1.171707551,-0.623949,-0.092307,0.213097,1016.550781
1183148,-0.378338,-0.158765,0.113396,-0.112440714,-0.054737143,1.118488061,-0.621952,-0.089847,0.213225,1016.550781
1183248,-0.296325,-0.212443,0.108648,-0.135277245,-0.09434398,1.058715408,-0.619946,-0.087363,0.212852,1016.550781
1183348,-0.174783,-0.263995,0.090304,-0.160502653,-0.128454184,0.994559184,-0.622436,-0.086826,0.212877,1016.550781
1183448,-0.046631,-0.343546,0.05678,-0.185564796,-0.155673469,0.922818163,-0.623492,-0.084487,0.216502,1016.549011
1183548,0.086338,-0.434938,0.017372,-0.188165612,-0.187744796,0.861394592,-0.622009,-0.085531,0.216952,1016.549011
1183648,0.211924,-0.469647,-0.012472,-0.171191122,-0.220270204,0.821921327,-0.617109,-0.083835,0.221553,1016.549011
1183748,0.302226,-0.406014,-0.015809,-0.138405408,-0.247853367,0.803415306,-0.620589,-0.085748,0.220951,1016.549011
1183848,0.355617,-0.314711,-0.01219,-0.139730918,-0.230789388,0.803139184,-0.616139,-0.083424,0.223078,1016.550781
1183948,0.365528,-0.237673,-0.004263,-0.125861327,-0.19165551,0.833893673,-0.614219,-0.082652,0.227128,1016.550781
1184048,0.34361,-0.168007,0.002232,-0.105209592,-0.139186837,0.883923878,-0.617162,-0.082484,0.224628,1016.550781
1184148,0.285044,-0.119371,0.016432,-0.091339286,-0.08869449,0.933929796,-0.614226,-0.086638,0.226925,1016.550781
1184248,0.202018,-0.092736,0.031135,-0.094338469,-0.041081224,0.977342755,-0.618719,-0.086591,0.227423,1016.550781
1184348,0.131108,-0.074565,0.04261,-0.10988898,-0.005908469,1.011548469,-0.616733,-0.085152,0.228,1016.550781
1184448,0.073177,-0.079024,0.041465,-0.139636633,0.032927959,1.035951735,-0.614762,-0.086726,0.228924,1016.550781
1184548,0.028657,-0.087354,0.020274,-0.151020714,0.057598265,1.045434082,-0.614764,-0.087723,0.228873,1016.550781
1184648,-0.019155,-0.112607,-0.015066,-0.160751224,0.065163673,1.046884694,-0.61471,-0.089073,0.225798,1016.550781
1184748,-0.07224,-0.149713,-0.054621,-0.143837959,0.057797245,1.047128776,-0.614234,-0.091122,0.226696,1016.550781
1184848,-0.118869,-0.186768,-0.091495,-0.116319286,0.040866531,1.034740816,-0.615769,-0.092689,0.228619,1016.550781
1184948,-0.139814,-0.227074,-0.119137,-0.091353469,0.016688061,1.016711735,-0.612762,-0.093187,0.227595,1016.550781
1185048,-0.145731,-0.252205,-0.141972,-0.064423469,-0.011457551,0.990947347,-0.612286,-0.095236,0.228493,1016.550781
1185148,-0.140119,-0.264288,-0.153696,-0.042283673,-0.038331837,0.961810408,-0.6113,-0.095774,0.228967,1016.550781
1185248,-0.132302,-0.262145,-0.1612,-0.025137857,-0.058843878,0.927716633,-0.605799,-0.094318,0.228046,1016.550781
1185348,-0.106153,-0.25583,-0.153811,-0.017569796,-0.075225102,0.92034102,-0.607836,-0.09787,0.229867,1016.550781
1185448,-0.080027,-0.22215,-0.139522,-0.014581224,-0.077114694,0.91939102,-0.606322,-0.097347,0.228893,1016.549011
1185548,-0.049579,-0.19625,-0.122141,-0.017442041,-0.065608469,0.914071327,-0.603899,-0.099051,0.232316,1016.549011
1185648,-0.035228,-0.200422,-0.111096,-0.020623673,-0.054222143,0.91521102,-0.603403,-0.100055,0.232265,1016.549011
1185748,-0.047141,-0.191477,-0.102735,-0.006964082,-0.052815204,0.92531398,-0.600867,-0.10097,0.229716,1016.549011
1185848,-0.05985,-0.17853,-0.088731,0.004990816,-0.05366,0.941483673,-0.599412,-0.102087,0.231665,1016.550781
1185948,-0.063594,-0.165857,-0.07393,0.007220714,-0.054863061,0.952788776,-0.598406,-0.10158,0.231191,1016.550781
1186048,-0.061409,-0.145116,-0.059902,-0.000422449,-0.06163551,0.958430204,-0.596426,-0.104127,0.231564,1016.550781
1186148,-0.055204,-0.124338,-0.045418,-0.009886939,-0.074276735,0.956871735,-0.595467,-0.103741,0.233589,1016.550781
1186248,-0.047745,-0.105112,-0.032971,-0.014092347,-0.077201122,0.948666327,-0.591429,-0.105155,0.230516,1016.550781
1186348,-0.0429,-0.099526,-0.028138,-0.01461449,-0.08246051,0.951615816,-0.59045,-0.10472,0.231541,1016.550781
1186448,-0.040299,-0.105168,-0.024347,-0.010601633,-0.084344694,0.948280102,-0.590462,-0.106239,0.231964,1016.550781
1186548,-0.040606,-0.112699,-0.026232,0.005948265,-0.076414184,0.952636327,-0.589515,-0.10787,0.234388,1016.550781
1186648,-0.024629,-0.108885,-0.022317,0.011849286,-0.071555,0.965547245,-0.589995,-0.108312,0.233362,1016.550781
1186748,-0.013699,-0.107995,-0.019705,0.013125204,-0.058447755,0.954412959,-0.587525,-0.109396,0.234312,1016.550781
1186848,-0.000722,-0.116848,-0.01772,0.010002041,-0.049968265,0.939792041,-0.588032,-0.108914,0.234837,1016.550781
1186948,0.001957,-0.121412,-0.01828,0.014843367,-0.043360918,0.926525408,-0.585062,-0.109508,0.235812,1016.550781
1187048,0.010266,-0.104498,-0.021352,0.022453367,-0.042285102,0.930666327,-0.583589,-0.111074,0.236736,1016.550781
1187148,0.006648,-0.068134,-0.025406,0.027887245,-0.043294796,0.946286837,-0.581106,-0.110142,0.237287,1016.550781
1187248,-0.013568,-0.030592,-0.029826,0.024624796,-0.042595306,0.958182755,-0.583093,-0.112079,0.236686,1016.550781
1187348,-0.036046,-0.005241,-0.038647,0.03015398,-0.033891837,0.969952551,-0.583592,-0.112569,0.23666,1016.550781
1187448,-0.052949,0.022765,-0.052557,0.032773061,-0.021245408,0.982013367,-0.578628,-0.1117,0.237712,1016.549011
1187548,-0.063319,0.062279,-0.069081,0.035367347,-0.010216327,0.996701531,-0.581148,-0.112729,0.23916,1016.549011
1187648,-0.077343,0.106278,-0.093565,0.025459898,-0.000172959,1.005660204,-0.581591,-0.113075,0.236135,1016.549011
1187748,-0.077847,0.128501,-0.116275,0.012656122,0.000726735,1.003972551,-0.580117,-0.113645,0.23711,1016.549011
1187848,-0.079876,0.114936,-0.137365,0.005139694,0.004999694,1.002776633,-0.578605,-0.114617,0.23606,1016.550781
1187948,-0.070233,0.102322,-0.161244,-0.00490898,-0.008171531,1.00310051,-0.577141,-0.116208,0.237484,1016.550781
1188048,-0.052787,0.091429,-0.173917,-0.007781224,-0.030370612,1.001651429,-0.577648,-0.115726,0.238009,1016.550781
1188148,-0.037991,0.076872,-0.183332,-0.004102143,-0.052157551,0.995201939,-0.574724,-0.115942,0.241508,1016.550781
1188248,-0.023651,0.069922,-0.182158,0.002825816,-0.073745306,0.985608878,-0.574136,-0.117203,0.236434,1016.550781
1188348,0.00142,0.092904,-0.17246,0.015148878,-0.093661122,0.975760408,-0.573173,-0.120281,0.237782,1016.550781
1188448,0.037264,0.15382,-0.159244,0.022908571,-0.109120204,0.973412143,-0.573203,-0.12135,0.23923,1016.550781
1188548,0.058541,0.248332,-0.144201,0.028215306,-0.116477755,0.994598265,-0.574194,-0.118843,0.239357,1016.550781
1188648,0.063777,0.352061,-0.131482,0.045690612,-0.112278265,1.040322551,-0.572172,-0.122764,0.237155,1016.550781
1188748,0.055789,0.455411,-0.116041,0.066538469,-0.090988061,1.098106327,-0.576101,-0.122556,0.234155,1016.550781
1188848,0.036437,0.53441,-0.102641,0.086196633,-0.045346224,1.143429286,-0.576118,-0.122106,0.23518,1016.550781
1188948,0.00579,0.577329,-0.100969,0.089376735,0.019688367,1.176625816,-0.578062,-0.125916,0.231977,1016.550781
1189048,-0.035546,0.593333,-0.104554,0.067201633,0.082157143,1.207551531,-0.579019,-0.124807,0.230029,1016.550781
1189148,-0.069217,0.578559,-0.116814,0.037679592,0.120801939,1.215791531,-0.582481,-0.126174,0.228452,1016.550781
1189248,-0.088404,0.556586,-0.136018,0.009809184,0.11926398,1.215646939,-0.580933,-0.127548,0.225377,1016.550781
1189348,-0.087953,0.574631,-0.153754,-0.01554602,0.086447041,1.258210612,-0.585854,-0.129791,0.22175,1016.550781
1189448,-0.069421,0.596402,-0.171963,-0.052718469,0.040483265,1.298557755,-0.585326,-0.128731,0.220302,1016.549011
1189548,-0.06555,0.533008,-0.167788,-0.108145,-0.012110306,1.276958673,-0.590337,-0.12972,0.221749,1016.549011
1189648,-0.079091,0.389683,-0.147244,-0.162785306,-0.061496122,1.195862959,-0.593791,-0.126604,0.220401,1016.549011
1189748,-0.065459,0.209185,-0.109427,-0.183695102,-0.106599592,1.122003571,-0.592304,-0.126153,0.220926,1016.549011
1189848,-0.036067,0.070951,-0.070734,-0.163677959,-0.109304388,1.065669796,-0.593766,-0.123068,0.219579,1016.550781
1189948,-0.026605,-0.022607,-0.041291,-0.147676837,-0.075526837,1.016356633,-0.59877,-0.125528,0.22045,1016.550781
1190048,-0.034637,-0.059485,-0.027793,-0.11472898,-0.027604082,0.983006122,-0.596795,-0.12511,0.221476,1016.550781
1190148,-0.072346,-0.055815,-0.01638,-0.077463571,0.024480816,0.947080204,-0.601798,-0.121615,0.223151,1016.550781
1190248,-0.148119,-0.060394,0.00258,-0.039781735,0.085607551,0.900286837,-0.601293,-0.123094,0.222575,1016.550781
1190348,-0.248786,-0.056144,0.029189,-0.019534184,0.146578673,0.858910306,-0.602756,-0.125963,0.220423,1016.550781
1190448,-0.36262,-0.026108,0.05184,-0.009386939,0.199249184,0.839078265,-0.603309,-0.125602,0.223447,1016.550781
1190548,-0.459137,0.042916,0.058913,-0.03807398,0.22661898,0.842543571,-0.603321,-0.12712,0.223871,1016.550781
1190648,-0.534789,0.128122,0.05142,-0.074658878,0.217043265,0.842325612,-0.603231,-0.128872,0.218771,1016.550781
1190748,-0.593171,0.175104,0.045651,-0.113688469,0.178454796,0.842293163,-0.605231,-0.132826,0.218568,1016.550781
1190848,-0.623704,0.166509,0.03498,-0.147456837,0.121795816,0.85255551,-0.607132,-0.133551,0.213518,1016.550781
1190948,-0.610558,0.148222,0.029407,-0.148718776,0.063208571,0.893283367,-0.603679,-0.137166,0.214841,1016.550781
1191048,-0.542396,0.139973,0.022114,-0.142182551,0.012139796,0.958435,-0.607108,-0.140928,0.211138,1016.550781
1191148,-0.430849,0.123726,0.009856,-0.134309082,-0.029022755,1.015437245,-0.605031,-0.140244,0.206666,1016.550781
1191248,-0.314108,0.088682,-0.005352,-0.135182245,-0.052991837,1.065804694,-0.603071,-0.143337,0.208013,1016.550781
1191348,-0.218819,0.032995,-0.020017,-0.140682857,-0.060005408,1.099349898,-0.604073,-0.146311,0.20786,1016.550781
1191448,-0.159865,-0.034012,-0.023596,-0.132982449,-0.056250612,1.123925714,-0.60305,-0.146753,0.206336,1016.549011
1191548,-0.124478,-0.094951,-0.014526,-0.114307959,-0.040298265,1.115981939,-0.60549,-0.149558,0.203184,1016.549011
1191648,-0.100905,-0.148516,0.000131,-0.100958061,-0.019819082,1.08961449,-0.606063,-0.150241,0.207157,1016.549011
1191748,-0.086486,-0.187448,0.01888,-0.081663776,-0.003725102,1.057945714,-0.605496,-0.148088,0.20376,1016.549011
1191848,-0.086835,-0.211122,0.03972,-0.05661102,0.014751224,1.017842857,-0.603538,-0.151679,0.205082,1016.550781
1191948,-0.104277,-0.217313,0.063985,-0.024397755,0.034523469,0.982765612,-0.604587,-0.149815,0.208182,1016.550781
1192048,-0.133897,-0.1952,0.082919,0.005455408,0.047033571,0.961185102,-0.607567,-0.150242,0.207656,1016.550781
1192148,-0.160664,-0.149182,0.095945,0.02383602,0.050778571,0.945116224,-0.604113,-0.15286,0.209029,1016.550781
1192248,-0.176279,-0.099294,0.10017,0.033610612,0.051941122,0.93504102,-0.608578,-0.148281,0.208757,1016.550781
1192348,-0.173643,-0.049113,0.090693,0.027829694,0.046908265,0.928250816,-0.608528,-0.151624,0.20558,1016.550781
1192448,-0.158745,-0.010101,0.074577,0.020500204,0.040777143,0.924438776,-0.609062,-0.150716,0.20763,1016.550781
1192548,-0.131027,0.014221,0.056839,0.005151939,0.031012959,0.924543469,-0.609544,-0.152155,0.206554,1016.550781
1192648,-0.091952,0.01005,0.038982,-0.01055051,0.018876327,0.917750306,-0.614526,-0.152574,0.206527,1016.550781
1192748,-0.043389,-0.021769,0.022936,-0.017954898,0.01319449,0.908902857,-0.60955,-0.155144,0.206402,1016.550781
1192848,0.001281,-0.050059,0.006282,-0.019385204,0.005744082,0.902795918,-0.610565,-0.155675,0.207376,1016.550781
1192948,0.047598,-0.070696,-0.002862,-0.019266837,0.009098571,0.893511735,-0.612536,-0.1541,0.206452,1016.550781
1193048,0.08527,-0.079741,-0.004621,-0.011007857,0.020442755,0.891566429,-0.611606,-0.154284,0.209951,1016.550781
1193148,0.131647,-0.069682,-0.006726,-0.00051102,0.038028571,0.899020918,-0.613579,-0.153707,0.208976,1016.550781
1193248,0.171361,-0.049322,-0.006637,0.007483776,0.053305,0.908657755,-0.612133,-0.154847,0.211424,1016.550781
1193348,0.191898,-0.035531,-0.006515,0.011585306,0.065137551,0.924609082,-0.609649,-0.153416,0.212001,1016.550781
1193448,0.204704,-0.023453,-0.004574,0.012083061,0.071347857,0.935821327,-0.611617,-0.155305,0.2104,1016.549011
1193548,0.212093,-0.015206,-0.003653,0.011370204,0.072661939,0.942384286,-0.611626,-0.155329,0.210899,1016.549011
1193648,0.223858,-0.011778,-0.001804,0.009827551,0.069972449,0.950618061,-0.61263,-0.154341,0.21145,1016.549011
1193748,0.234026,-0.002333,-0.001364,0.011279796,0.064352041,0.95801602,-0.609157,-0.156912,0.211823,1016.549011
1193848,0.244308,-0.001152,0.003041,0.012125,0.057872551,0.970242347,-0.610723,-0.150628,0.216651,1016.550781
1193948,0.244536,-0.008857,0.011216,0.016303878,0.058119388,0.986134898,-0.608708,-0.153576,0.215,1016.550781
1194048,0.238749,-0.012021,0.016581,0.022742959,0.060873367,1.003611837,-0.610166,-0.153955,0.212975,1016.550781
1194148,0.227882,-0.013781,0.021054,0.028780408,0.069352551,1.016273367,-0.611214,-0.152091,0.216076,1016.550781
1194248,0.223635,-0.008082,0.020499,0.025379898,0.079175204,1.017741429,-0.608265,-0.15323,0.218025,1016.550781
1194348,0.22032,-0.005437,0.01914,0.020727449,0.08361,1.010017755,-0.612241,-0.153143,0.217524,1016.550781
1194448,0.212572,-0.008692,0.018626,0.017342347,0.077250612,0.996434592,-0.610729,-0.148659,0.217253,1016.550781
1194548,0.20381,-0.01861,0.027697,0.015538878,0.059258878,0.98716051,-0.608282,-0.146826,0.219855,1016.550781
1194648,0.197992,-0.033386,0.037919,0.017813265,0.036022857,0.977047959,-0.610806,-0.150346,0.221175,1016.550781
1194748,0.196428,-0.050681,0.056942,0.023085204,0.01816551,0.970708061,-0.609306,-0.14738,0.221328,1016.550781
1194848,0.191896,-0.057184,0.081765,0.028675204,0.011636327,0.970739796,-0.606367,-0.149043,0.223752,1016.550781
1194948,0.184527,-0.054142,0.104219,0.03491551,0.016258878,0.981626939,-0.605851,-0.144543,0.223481,1016.550781
1195048,0.171007,-0.044979,0.121989,0.046010408,0.02724949,0.988322755,-0.606885,-0.144623,0.22548,1016.550781
1195148,0.151433,-0.025256,0.134716,0.056711224,0.044229184,0.995544286,-0.603408,-0.144703,0.225981,1016.550781
1195248,0.138131,0.005776,0.139002,0.061543878,0.064173163,1.005023673,-0.606909,-0.142204,0.227106,1016.550781
1195348,0.10727,0.029743,0.136845,0.072828469,0.078964286,0.998803265,-0.604403,-0.13923,0.226759,1016.550781
1195448,0.090092,0.034871,0.128517,0.076131429,0.077956429,0.993757245,-0.607882,-0.139649,0.226233,1016.549011
1195548,0.08445,0.059938,0.116389,0.093496531,0.066209082,0.99286051,-0.605839,-0.137568,0.223836,1016.549011
1195648,0.093655,0.080006,0.112422,0.090675306,0.049200102,0.982998776,-0.602908,-0.138756,0.226785,1016.549011
1195748,0.120074,0.078783,0.111979,0.087709184,0.033153673,0.969045714,-0.605853,-0.140083,0.224209,1016.549011
1195848,0.156278,0.079237,0.113845,0.095697551,0.019749898,0.955812551,-0.60235,-0.136128,0.223914,1016.550781
1195948,0.194574,0.085516,0.118552,0.099761531,0.010142347,0.946391735,-0.601883,-0.138201,0.225312,1016.550781
1196048,0.222964,0.097165,0.123069,0.103741429,0.009265918,0.944848571,-0.601919,-0.137799,0.227336,1016.550781
1196148,0.246943,0.118029,0.128954,0.112188265,0.016763061,0.956267449,-0.604335,-0.137069,0.223363,1016.550781
1196248,0.265442,0.136261,0.130211,0.11970449,0.028392143,0.962082857,-0.600425,-0.137823,0.227337,1016.550781
1196348,0.278539,0.162822,0.131388,0.128673367,0.035845714,0.97592051,-0.60138,-0.13522,0.225464,1016.550781
1196448,0.277599,0.201015,0.129624,0.139875714,0.051136939,0.985372857,-0.599345,-0.137622,0.222839,1016.550781
1196548,0.272177,0.23853,0.125907,0.14992602,0.067832449,0.997878469,-0.60036,-0.137655,0.223838,1016.550781
1196648,0.26987,0.274654,0.11699,0.153013469,0.077711327,1.017941735,-0.599363,-0.137172,0.223864,1016.550781
1196748,0.259336,0.316317,0.114334,0.149304592,0.081618673,1.052511224,-0.599779,-0.137944,0.219315,1016.550781
1196848,0.249819,0.371285,0.11186,0.135940204,0.081520816,1.091350204,-0.597754,-0.140869,0.217164,1016.550781
1196948,0.251123,0.432141,0.106816,0.112539184,0.076256429,1.131534592,-0.598724,-0.141279,0.215639,1016.550781
1197048,0.247532,0.491709,0.101123,0.090353163,0.069351531,1.1627,-0.597207,-0.14422,0.213987,1016.550781
1197148,0.223472,0.519291,0.099385,0.052881633,0.050980204,1.197518673,-0.596682,-0.144654,0.212463,1016.550781
1197248,0.168218,0.492011,0.104091,0.00809949,0.027679082,1.225221122,-0.593655,-0.149563,0.20971,1016.550781
1197348,0.090749,0.395898,0.117152,-0.039560102,0.00755398,1.219417857,-0.597084,-0.153325,0.206007,1016.550781
1197448,0.017662,0.261736,0.133286,-0.080715306,-0.012877449,1.207336735,-0.593082,-0.154336,0.204958,1016.549011
1197548,-0.027705,0.14768,0.154509,-0.097541224,-0.026712551,1.218950918,-0.589538,-0.158707,0.201232,1016.549011
1197648,-0.043148,0.054917,0.176675,-0.083015714,-0.02811449,1.229315816,-0.590005,-0.162091,0.199055,1016.549011
1197748,-0.060552,-0.02646,0.189238,-0.077896429,-0.028793265,1.217211633,-0.58902,-0.168085,0.19875,1016.549011
1197848,-0.093167,-0.121944,0.190015,-0.067372041,-0.026349184,1.189241531,-0.58999,-0.17445,0.19642,1016.550781
1197948,-0.145868,-0.196884,0.184588,-0.042014184,-0.017108163,1.16316602,-0.587488,-0.178427,0.195219,1016.550781
1198048,-0.195031,-0.22769,0.166011,-0.010766735,-0.007388776,1.134463265,-0.588438,-0.183747,0.19194,1016.550781
1198148,-0.223092,-0.222166,0.140891,-0.004372143,0.007427041,1.098392347,-0.586911,-0.191622,0.189035,1016.550781
1198248,-0.221149,-0.21359,0.116237,-0.015544898,0.008190612,1.053012857,-0.590374,-0.198944,0.186654,1016.550781
1198348,-0.17846,-0.2247,0.085547,-0.033447041,0.007344592,0.998593061,-0.592295,-0.205671,0.181799,1016.550781
1198448,-0.105052,-0.252142,0.051516,-0.046122653,-0.007271122,0.942216224,-0.588809,-0.211681,0.180995,1016.550781
1198548,-0.022346,-0.29283,0.021883,-0.058177449,-0.027373163,0.892832653,-0.592316,-0.222586,0.180435,1016.550781
1198648,0.053042,-0.331459,-0.00352,-0.066647449,-0.047950204,0.846755306,-0.594753,-0.228855,0.176606,1016.550781
1198748,0.122206,-0.3641,-0.021739,-0.069374592,-0.069639388,0.816214898,-0.596779,-0.237342,0.177173,1016.550781
1198848,0.184831,-0.362558,-0.027546,-0.073861837,-0.091177449,0.799019286,-0.599758,-0.247685,0.175139,1016.550781
1198948,0.2301,-0.341792,-0.033546,-0.092574898,-0.104605612,0.792317245,-0.604704,-0.253962,0.172308,1016.550781
1199048,0.258578,-0.307072,-0.034089,-0.110028061,-0.12223,0.801837755,-0.613724,-0.262885,0.173847,1016.550781
1199148,0.264912,-0.250181,-0.020751,-0.126291224,-0.141441122,0.820059286,-0.623649,-0.268087,0.171066,1016.550781
1199248,0.245213,-0.178469,0.016043,-0.145802347,-0.153966939,0.851563265,-0.632122,-0.2759,0.170157,1016.550781
1199348,0.217783,-0.123992,0.05557,-0.165166531,-0.142699082,0.894897959,-0.643998,-0.278483,0.165503,1016.550781
1199448,0.1749,-0.115251,0.081973,-0.181717653,-0.119416429,0.92700602,-0.652015,-0.283933,0.16722,1016.549011
1199548,0.148716,-0.116338,0.099959,-0.163497653,-0.107904286,0.962785102,-0.66443,-0.288099,0.164489,1016.549011
1199648,0.122944,-0.108997,0.111658,-0.152736327,-0.09842449,1.013329694,-0.679372,-0.287364,0.164509,1016.549011
1199748,0.087732,-0.11037,0.111147,-0.144200918,-0.083202449,1.055943673,-0.68926,-0.287013,0.160507,1016.549011
1199848,0.044006,-0.119691,0.109967,-0.12993398,-0.069523571,1.096640408,-0.69875,-0.285939,0.162055,1016.550781
1199948,-0.020328,-0.135049,0.108285,-0.121772449,-0.050673163,1.114829184,-0.711187,-0.281731,0.161755,1016.550781
1200048,-0.082228,-0.165472,0.113159,-0.119974796,-0.036707551,1.125493776,-0.721707,-0.278246,0.165428,1016.550781
1200148,-0.127513,-0.196787,0.112505,-0.117613878,-0.019299796,1.124939388,-0.733112,-0.280411,0.162298,1016.550781
1200248,-0.156725,-0.228217,0.103202,-0.120692245,-0.004312041,1.109156531,-0.737562,-0.27232,0.161704,1016.550781
1200348,-0.166836,-0.27628,0.096551,-0.100989184,-0.002303163,1.075699796,-0.746097,-0.267894,0.165928,1016.550781
1200448,-0.153445,-0.306986,0.084183,-0.064358571,-0.019205,1.041792551,-0.75398,-0.2606,0.162283,1016.550781
1200548,-0.118181,-0.310206,0.069147,-0.02586102,-0.030721327,1.015268673,-0.758452,-0.260007,0.161807,1016.550781
1200648,-0.069664,-0.293198,0.062905,-0.007984592,-0.065109388,0.989382143,-0.766947,-0.25399,0.164109,1016.550781
1200748,-0.036067,-0.265052,0.068028,-0.008004286,-0.093519898,0.968214388,-0.771951,-0.250994,0.165759,1016.550781
1200848,-0.005293,-0.232174,0.081638,-0.028522347,-0.105805408,0.937227755,-0.777936,-0.24447,0.167087,1016.550781
1200948,0.018358,-0.197316,0.100051,-0.048115816,-0.109333469,0.914713673,-0.780384,-0.236387,0.165993,1016.550781
1201048,0.022986,-0.154871,0.127931,-0.058743776,-0.106214796,0.905952551,-0.786915,-0.23593,0.169015,1016.550781
1201148,0.006118,-0.133386,0.1539,-0.063015816,-0.089971837,0.899073469,-0.791324,-0.230708,0.16577,1016.550781
1201248,-0.016546,-0.146249,0.17552,-0.059732347,-0.066568265,0.915699694,-0.797303,-0.226153,0.166496,1016.550781
1201348,-0.035595,-0.17184,0.183813,-0.038468878,-0.062426939,0.938657551,-0.80081,-0.221686,0.168223,1016.550781
1201448,-0.048267,-0.171485,0.1923,-0.032319592,-0.072796735,0.971895816,-0.804756,-0.215572,0.167027,1016.549011
1201548,-0.052912,-0.150276,0.2,-0.046451224,-0.067003061,0.996918776,-0.806753,-0.213073,0.167654,1016.549011
1201648,-0.062321,-0.132199,0.181457,-0.064237959,-0.05403398,1.019907857,-0.811671,-0.208366,0.164882,1016.549011
1201748,-0.089476,-0.107547,0.145101,-0.072838061,-0.045010204,1.047505918,-0.816151,-0.201842,0.16571,1016.549011
1201848,-0.141899,-0.095105,0.117552,-0.092598163,-0.037773061,1.054160306,-0.819112,-0.201722,0.16421,1016.550781
1201948,-0.206011,-0.098582,0.096555,-0.107622857,-0.032077551,1.04884949,-0.819578,-0.199151,0.162838,1016.550781
1202048,-0.266183,-0.095332,0.081322,-0.101438061,-0.031507347,1.041830102,-0.821519,-0.196009,0.16049,1016.550781
1202148,-0.304089,-0.081691,0.084929,-0.082685612,-0.056254184,1.027114898,-0.828506,-0.198414,0.160861,1016.550781
1202248,-0.34351,-0.028054,0.124164,-0.079765204,-0.083127449,1.012184286,-0.829412,-0.194694,0.15654,1016.550781
1202348,-0.355691,0.012427,0.119504,-0.078582245,-0.110678367,1.011939388,-0.832344,-0.194004,0.153566,1016.550781
1202448,-0.354439,0.063306,0.119582,-0.091456735,-0.136561939,1.010451224,-0.836723,-0.192671,0.148117,1016.550781
1202548,-0.351023,0.084877,0.124198,-0.085765204,-0.151281327,0.993631224,-0.835718,-0.193161,0.147593,1016.550781
1202648,-0.358751,0.083727,0.129053,-0.064334898,-0.148471122,0.990052143,-0.841082,-0.190294,0.14172,1016.550781
1202748,-0.363986,0.084532,0.122595,-0.043685408,-0.132466327,0.993095102,-0.84605,-0.193156,0.140567,1016.550781
1202848,-0.348961,0.106276,0.107621,-0.023115102,-0.131581837,1.007602653,-0.849468,-0.191437,0.137143,1016.550781
1202948,-0.325178,0.173822,0.088173,-0.005104082,-0.134830918,1.014518776,-0.849356,-0.19065,0.131171,1016.550781
1203048,-0.301317,0.259006,0.066952,-0.014197959,-0.124056633,1.002666122,-0.851309,-0.194484,0.128468,1016.550781
1203148,-0.277052,0.300561,0.046831,-0.03209102,-0.107411531,0.983650102,-0.85723,-0.194245,0.125467,1016.550781
1203248,-0.267098,0.292966,0.022102,-0.036687449,-0.097505816,0.970236939,-0.86164,-0.194977,0.121417,1016.550781
1203348,-0.265884,0.26642,-0.000289,-0.032368878,-0.081846429,0.963473061,-0.865526,-0.196144,0.115841,1016.550781
1203448,-0.265727,0.216572,-0.019702,-0.027217143,-0.083470408,0.962750102,-0.868004,-0.199544,0.114663,1016.549011
1203548,-0.252832,0.179474,-0.065186,-0.029749388,-0.052293571,0.960612653,-0.868968,-0.202421,0.112511,1016.549011
1203648,-0.223489,0.145381,-0.089613,-0.027223061,-0.099954082,0.963896429,-0.872378,-0.206135,0.107809,1016.549011
1203748,-0.20933,0.139863,-0.094308,-0.013805408,-0.132535408,0.97166051,-0.877346,-0.208499,0.10668,1016.549011
1203848,-0.213494,0.154887,-0.09074,-0.007978163,-0.147913878,0.981546939,-0.879337,-0.212927,0.105952,1016.550781
1203948,-0.225807,0.173224,-0.082114,-0.010163061,-0.149162755,0.987793163,-0.883694,-0.215508,0.0988,1016.550781
1204048,-0.231127,0.17919,-0.080846,-0.016727347,-0.133619286,0.988380204,-0.885708,-0.217019,0.099723,1016.550781
1204148,-0.232669,0.163187,-0.087892,-0.025682959,-0.109988265,0.983933878,-0.888152,-0.221817,0.096469,1016.550781
1204248,-0.209003,0.1299,-0.099541,-0.034186837,-0.080762143,0.987542653,-0.891614,-0.223683,0.094867,1016.550781
1204348,-0.182451,0.117606,-0.115987,-0.036585714,-0.062493367,0.99640398,-0.891134,-0.228199,0.095139,1016.550781
1204448,-0.149211,0.10778,-0.12558,-0.053723061,-0.051869592,1.003998265,-0.893621,-0.231623,0.09446,1016.550781
1204548,-0.131092,0.088988,-0.135278,-0.067223265,-0.049643571,1.007055816,-0.897073,-0.232966,0.092384,1016.550781
1204648,-0.115551,0.049213,-0.135643,-0.063701429,-0.050488265,1.000099388,-0.897572,-0.238415,0.091604,1016.550781
1204748,-0.109749,0.001217,-0.129236,-0.056497245,-0.042503776,0.988942143,-0.900561,-0.243824,0.090824,1016.550781
1204848,-0.090681,-0.051405,-0.130272,-0.046674286,-0.035926429,0.982614388,-0.898073,-0.245358,0.090749,1016.550781
1204948,-0.066152,-0.093472,-0.139925,-0.04367898,-0.034138571,0.97181449,-0.901538,-0.248718,0.089071,1016.550781
1205048,-0.0417,-0.112447,-0.154696,-0.042309184,-0.037502143,0.957667551,-0.90212,-0.253885,0.092815,1016.550781
1205148,-0.024535,-0.110115,-0.166428,-0.034721939,-0.043813878,0.944134898,-0.903094,-0.257285,0.091137,1016.550781
1205248,-0.015663,-0.088187,-0.170594,-0.03631102,-0.053669592,0.931709898,-0.899077,-0.260241,0.088987,1016.550781
1205348,-0.016671,-0.082635,-0.158075,-0.037684184,-0.067214388,0.938962653,-0.901098,-0.265738,0.089706,1016.550781
1205448,-0.030136,-0.07632,-0.135643,-0.037156735,-0.080138776,0.964285,-0.901129,-0.267305,0.09113,1016.549011
1205548,-0.037568,-0.077882,-0.099201,-0.03107102,-0.079961735,0.991975612,-0.902679,-0.267924,0.094102,1016.549011
1205648,-0.043859,-0.08254,-0.06412,-0.027842041,-0.07173602,1.003769082,-0.902668,-0.271862,0.0929,1016.549011
